rank,id,filename,author,likes,published_at,source_url
1,c1,c1__instagram__DasaV5spHjo.mp4,1milliondance,4681,2026-07-12T13:07:54.000Z,https://www.instagram.com/1milliondance/reel/DasaV5spHjo/
2,c2,c2__instagram__DasagtcBdpG.mp4,1milliondance,2825,2026-07-12T13:09:18.000Z,https://www.instagram.com/1milliondance/reel/DasagtcBdpG/
3,c3,c3__instagram__DakQRGyRCLf.mp4,1milliondance,2481,2026-07-09T09:05:59.000Z,https://www.instagram.com/1milliondance/reel/DakQRGyRCLf/
4,c4,c4__instagram__DasaaxNh6xU.mp4,1milliondance,2198,2026-07-12T13:08:29.000Z,https://www.instagram.com/1milliondance/reel/DasaaxNh6xU/
5,c5,c5__instagram__DahuGYOTNYn.mp4,justjerkacademy,202,2026-07-08T09:29:16.000Z,https://www.instagram.com/justjerkacademy/reel/DahuGYOTNYn/
6,k1,k1__instagram__DaxVAeYPah5.mp4,1milliondance,120,2026-07-14T10:58:13.000Z,https://www.instagram.com/1milliondance/reel/DaxVAeYPah5/
7,c6,c6__instagram__DartTGMpu3W.mp4,wazzup.studio,70,2026-07-12T06:50:02.000Z,https://www.instagram.com/wazzup.studio/reel/DartTGMpu3W/
8,c7,c7__instagram__DaxVR9xO8Hu.mp4,1milliondance,51,2026-07-14T11:00:25.000Z,https://www.instagram.com/1milliondance/reel/DaxVR9xO8Hu/
9,c8,c8__instagram__DaxTa6YRyjv.mp4,suabyday,2,2026-07-14T10:45:32.000Z,https://www.instagram.com/p/DaxTa6YRyjv/
10,c9,c9__instagram__DapuKwQJM76.mp4,,,2026-07-11T12:32:22.000Z,https://www.instagram.com/wazzup.studio/reel/DapuKwQJM76/
